{"cameraMode":{"drawMode":0,"name":"Shaded","section":"Shading Mode"},"sceneLighting":true,"audioPlay":false,"sceneViewState":{"m_AlwaysRefresh":false,"showFog":true,"showSkybox":true,"showFlares":true,"showImageEffects":true,"showParticleSystems":true,"showVisualEffectGraphs":true,"m_FxEnabled":true},"in2DMode":false,"pivot":{"x":123.25581359863281,"y":17.44064712524414,"z":-287.52557373046877},"rotation":{"x":0.0025154612958431246,"y":-0.9970241189002991,"z":-0.038598984479904178,"w":-0.06616612523794174},"size":101.62315368652344,"orthographic":false}